Company,Performance 2023Q1,Performance 2023Q2
^DJI,-3.4838421905115267,1.8557391911679129
^GSPC,0.19952790394752645,8.422645049025729
^IXIC,5.657361228540478,17.152191336308697
