Company,Performance 2023Q1,Performance 2023Q2
^DJI,0.4157888724755088,1.5513560153147754
^GSPC,7.45710601667795,6.593030232286123
^IXIC,17.66566995115204,11.500763860141937
